[{"model": "admin.logentry", "pk": 1, "fields": {"action_time": "2021-12-10T13:05:01.976Z", "user": 27, "content_type": 3, "object_id": "1", "object_repr": "common", "action_flag": 1, "change_message": "[{\"added\": {}}]"}}, {"model": "admin.logentry", "pk": 2, "fields": {"action_time": "2021-12-10T13:06:10.439Z", "user": 27, "content_type": 3, "object_id": "2", "object_repr": "authors", "action_flag": 1, "change_message": "[{\"added\": {}}]"}}, {"model": "admin.logentry", "pk": 3, "fields": {"action_time": "2021-12-10T13:11:07.891Z", "user": 27, "content_type": 3, "object_id": "3", "object_repr": "premium", "action_flag": 1, "change_message": "[{\"added\": {}}]"}}, {"model": "admin.logentry", "pk": 4, "fields": {"action_time": "2021-12-10T15:11:48.656Z", "user": 27, "content_type": 13, "object_id": "2", "object_repr": "127.0.0.1", "action_flag": 1, "change_message": "[{\"added\": {}}]"}}, {"model": "admin.logentry", "pk": 5, "fields": {"action_time": "2021-12-10T15:11:52.169Z", "user": 27, "content_type": 18, "object_id": "1", "object_repr": "Google", "action_flag": 1, "change_message": "[{\"added\": {}}]"}}, {"model": "admin.logentry", "pk": 6, "fields": {"action_time": "2021-12-10T15:13:13.628Z", "user": 27, "content_type": 18, "object_id": "1", "object_repr": "Google", "action_flag": 2, "change_message": "[{\"changed\": {\"fields\": [\"Sites\"]}}]"}}, {"model": "admin.logentry", "pk": 7, "fields": {"action_time": "2021-12-10T15:13:21.933Z", "user": 27, "content_type": 13, "object_id": "2", "object_repr": "127.0.0.1", "action_flag": 3, "change_message": ""}}, {"model": "admin.logentry", "pk": 8, "fields": {"action_time": "2021-12-10T15:13:29.963Z", "user": 27, "content_type": 13, "object_id": "1", "object_repr": "127.0.0.1", "action_flag": 2, "change_message": "[{\"changed\": {\"fields\": [\"Domain name\"]}}]"}}, {"model": "admin.logentry", "pk": 9, "fields": {"action_time": "2021-12-10T17:01:36.630Z", "user": 27, "content_type": 3, "object_id": "2", "object_repr": "authors", "action_flag": 2, "change_message": "[{\"changed\": {\"fields\": [\"Permissions\"]}}]"}}, {"model": "admin.logentry", "pk": 10, "fields": {"action_time": "2021-12-10T17:01:49.939Z", "user": 27, "content_type": 3, "object_id": "1", "object_repr": "common", "action_flag": 2, "change_message": "[{\"changed\": {\"fields\": [\"Permissions\"]}}]"}}, {"model": "admin.logentry", "pk": 11, "fields": {"action_time": "2021-12-10T17:22:07.168Z", "user": 27, "content_type": 3, "object_id": "2", "object_repr": "authors", "action_flag": 2, "change_message": "[{\"changed\": {\"fields\": [\"Permissions\"]}}]"}}, {"model": "auth.permission", "pk": 1, "fields": {"name": "Can add log entry", "content_type": 1, "codename": "add_logentry"}}, {"model": "auth.permission", "pk": 2, "fields": {"name": "Can change log entry", "content_type": 1, "codename": "change_logentry"}}, {"model": "auth.permission", "pk": 3, "fields": {"name": "Can delete log entry", "content_type": 1, "codename": "delete_logentry"}}, {"model": "auth.permission", "pk": 4, "fields": {"name": "Can view log entry", "content_type": 1, "codename": "view_logentry"}}, {"model": "auth.permission", "pk": 5, "fields": {"name": "Can add permission", "content_type": 2, "codename": "add_permission"}}, {"model": "auth.permission", "pk": 6, "fields": {"name": "Can change permission", "content_type": 2, "codename": "change_permission"}}, {"model": "auth.permission", "pk": 7, "fields": {"name": "Can delete permission", "content_type": 2, "codename": "delete_permission"}}, {"model": "auth.permission", "pk": 8, "fields": {"name": "Can view permission", "content_type": 2, "codename": "view_permission"}}, {"model": "auth.permission", "pk": 9, "fields": {"name": "Can add group", "content_type": 3, "codename": "add_group"}}, {"model": "auth.permission", "pk": 10, "fields": {"name": "Can change group", "content_type": 3, "codename": "change_group"}}, {"model": "auth.permission", "pk": 11, "fields": {"name": "Can delete group", "content_type": 3, "codename": "delete_group"}}, {"model": "auth.permission", "pk": 12, "fields": {"name": "Can view group", "content_type": 3, "codename": "view_group"}}, {"model": "auth.permission", "pk": 13, "fields": {"name": "Can add user", "content_type": 4, "codename": "add_user"}}, {"model": "auth.permission", "pk": 14, "fields": {"name": "Can change user", "content_type": 4, "codename": "change_user"}}, {"model": "auth.permission", "pk": 15, "fields": {"name": "Can delete user", "content_type": 4, "codename": "delete_user"}}, {"model": "auth.permission", "pk": 16, "fields": {"name": "Can view user", "content_type": 4, "codename": "view_user"}}, {"model": "auth.permission", "pk": 17, "fields": {"name": "Can add content type", "content_type": 5, "codename": "add_contenttype"}}, {"model": "auth.permission", "pk": 18, "fields": {"name": "Can change content type", "content_type": 5, "codename": "change_contenttype"}}, {"model": "auth.permission", "pk": 19, "fields": {"name": "Can delete content type", "content_type": 5, "codename": "delete_contenttype"}}, {"model": "auth.permission", "pk": 20, "fields": {"name": "Can view content type", "content_type": 5, "codename": "view_contenttype"}}, {"model": "auth.permission", "pk": 21, "fields": {"name": "Can add session", "content_type": 6, "codename": "add_session"}}, {"model": "auth.permission", "pk": 22, "fields": {"name": "Can change session", "content_type": 6, "codename": "change_session"}}, {"model": "auth.permission", "pk": 23, "fields": {"name": "Can delete session", "content_type": 6, "codename": "delete_session"}}, {"model": "auth.permission", "pk": 24, "fields": {"name": "Can view session", "content_type": 6, "codename": "view_session"}}, {"model": "auth.permission", "pk": 25, "fields": {"name": "Can add author", "content_type": 7, "codename": "add_author"}}, {"model": "auth.permission", "pk": 26, "fields": {"name": "Can change author", "content_type": 7, "codename": "change_author"}}, {"model": "auth.permission", "pk": 27, "fields": {"name": "Can delete author", "content_type": 7, "codename": "delete_author"}}, {"model": "auth.permission", "pk": 28, "fields": {"name": "Can view author", "content_type": 7, "codename": "view_author"}}, {"model": "auth.permission", "pk": 29, "fields": {"name": "Can add category", "content_type": 8, "codename": "add_category"}}, {"model": "auth.permission", "pk": 30, "fields": {"name": "Can change category", "content_type": 8, "codename": "change_category"}}, {"model": "auth.permission", "pk": 31, "fields": {"name": "Can delete category", "content_type": 8, "codename": "delete_category"}}, {"model": "auth.permission", "pk": 32, "fields": {"name": "Can view category", "content_type": 8, "codename": "view_category"}}, {"model": "auth.permission", "pk": 33, "fields": {"name": "Can add post", "content_type": 9, "codename": "add_post"}}, {"model": "auth.permission", "pk": 34, "fields": {"name": "Can change post", "content_type": 9, "codename": "change_post"}}, {"model": "auth.permission", "pk": 35, "fields": {"name": "Can delete post", "content_type": 9, "codename": "delete_post"}}, {"model": "auth.permission", "pk": 36, "fields": {"name": "Can view post", "content_type": 9, "codename": "view_post"}}, {"model": "auth.permission", "pk": 37, "fields": {"name": "Can add post category", "content_type": 10, "codename": "add_postcategory"}}, {"model": "auth.permission", "pk": 38, "fields": {"name": "Can change post category", "content_type": 10, "codename": "change_postcategory"}}, {"model": "auth.permission", "pk": 39, "fields": {"name": "Can delete post category", "content_type": 10, "codename": "delete_postcategory"}}, {"model": "auth.permission", "pk": 40, "fields": {"name": "Can view post category", "content_type": 10, "codename": "view_postcategory"}}, {"model": "auth.permission", "pk": 41, "fields": {"name": "Can add comment", "content_type": 11, "codename": "add_comment"}}, {"model": "auth.permission", "pk": 42, "fields": {"name": "Can change comment", "content_type": 11, "codename": "change_comment"}}, {"model": "auth.permission", "pk": 43, "fields": {"name": "Can delete comment", "content_type": 11, "codename": "delete_comment"}}, {"model": "auth.permission", "pk": 44, "fields": {"name": "Can view comment", "content_type": 11, "codename": "view_comment"}}, {"model": "auth.permission", "pk": 45, "fields": {"name": "Can add russian_mat", "content_type": 12, "codename": "add_russian_mat"}}, {"model": "auth.permission", "pk": 46, "fields": {"name": "Can change russian_mat", "content_type": 12, "codename": "change_russian_mat"}}, {"model": "auth.permission", "pk": 47, "fields": {"name": "Can delete russian_mat", "content_type": 12, "codename": "delete_russian_mat"}}, {"model": "auth.permission", "pk": 48, "fields": {"name": "Can view russian_mat", "content_type": 12, "codename": "view_russian_mat"}}, {"model": "auth.permission", "pk": 49, "fields": {"name": "Can add site", "content_type": 13, "codename": "add_site"}}, {"model": "auth.permission", "pk": 50, "fields": {"name": "Can change site", "content_type": 13, "codename": "change_site"}}, {"model": "auth.permission", "pk": 51, "fields": {"name": "Can delete site", "content_type": 13, "codename": "delete_site"}}, {"model": "auth.permission", "pk": 52, "fields": {"name": "Can view site", "content_type": 13, "codename": "view_site"}}, {"model": "auth.permission", "pk": 53, "fields": {"name": "Can add flat page", "content_type": 14, "codename": "add_flatpage"}}, {"model": "auth.permission", "pk": 54, "fields": {"name": "Can change flat page", "content_type": 14, "codename": "change_flatpage"}}, {"model": "auth.permission", "pk": 55, "fields": {"name": "Can delete flat page", "content_type": 14, "codename": "delete_flatpage"}}, {"model": "auth.permission", "pk": 56, "fields": {"name": "Can view flat page", "content_type": 14, "codename": "view_flatpage"}}, {"model": "auth.permission", "pk": 57, "fields": {"name": "Can add email address", "content_type": 15, "codename": "add_emailaddress"}}, {"model": "auth.permission", "pk": 58, "fields": {"name": "Can change email address", "content_type": 15, "codename": "change_emailaddress"}}, {"model": "auth.permission", "pk": 59, "fields": {"name": "Can delete email address", "content_type": 15, "codename": "delete_emailaddress"}}, {"model": "auth.permission", "pk": 60, "fields": {"name": "Can view email address", "content_type": 15, "codename": "view_emailaddress"}}, {"model": "auth.permission", "pk": 61, "fields": {"name": "Can add email confirmation", "content_type": 16, "codename": "add_emailconfirmation"}}, {"model": "auth.permission", "pk": 62, "fields": {"name": "Can change email confirmation", "content_type": 16, "codename": "change_emailconfirmation"}}, {"model": "auth.permission", "pk": 63, "fields": {"name": "Can delete email confirmation", "content_type": 16, "codename": "delete_emailconfirmation"}}, {"model": "auth.permission", "pk": 64, "fields": {"name": "Can view email confirmation", "content_type": 16, "codename": "view_emailconfirmation"}}, {"model": "auth.permission", "pk": 65, "fields": {"name": "Can add social account", "content_type": 17, "codename": "add_socialaccount"}}, {"model": "auth.permission", "pk": 66, "fields": {"name": "Can change social account", "content_type": 17, "codename": "change_socialaccount"}}, {"model": "auth.permission", "pk": 67, "fields": {"name": "Can delete social account", "content_type": 17, "codename": "delete_socialaccount"}}, {"model": "auth.permission", "pk": 68, "fields": {"name": "Can view social account", "content_type": 17, "codename": "view_socialaccount"}}, {"model": "auth.permission", "pk": 69, "fields": {"name": "Can add social application", "content_type": 18, "codename": "add_socialapp"}}, {"model": "auth.permission", "pk": 70, "fields": {"name": "Can change social application", "content_type": 18, "codename": "change_socialapp"}}, {"model": "auth.permission", "pk": 71, "fields": {"name": "Can delete social application", "content_type": 18, "codename": "delete_socialapp"}}, {"model": "auth.permission", "pk": 72, "fields": {"name": "Can view social application", "content_type": 18, "codename": "view_socialapp"}}, {"model": "auth.permission", "pk": 73, "fields": {"name": "Can add social application token", "content_type": 19, "codename": "add_socialtoken"}}, {"model": "auth.permission", "pk": 74, "fields": {"name": "Can change social application token", "content_type": 19, "codename": "change_socialtoken"}}, {"model": "auth.permission", "pk": 75, "fields": {"name": "Can delete social application token", "content_type": 19, "codename": "delete_socialtoken"}}, {"model": "auth.permission", "pk": 76, "fields": {"name": "Can view social application token", "content_type": 19, "codename": "view_socialtoken"}}, {"model": "auth.permission", "pk": 77, "fields": {"name": "Can add subscribe", "content_type": 20, "codename": "add_subscribe"}}, {"model": "auth.permission", "pk": 78, "fields": {"name": "Can change subscribe", "content_type": 20, "codename": "change_subscribe"}}, {"model": "auth.permission", "pk": 79, "fields": {"name": "Can delete subscribe", "content_type": 20, "codename": "delete_subscribe"}}, {"model": "auth.permission", "pk": 80, "fields": {"name": "Can view subscribe", "content_type": 20, "codename": "view_subscribe"}}, {"model": "auth.permission", "pk": 81, "fields": {"name": "Can add django job", "content_type": 21, "codename": "add_djangojob"}}, {"model": "auth.permission", "pk": 82, "fields": {"name": "Can change django job", "content_type": 21, "codename": "change_djangojob"}}, {"model": "auth.permission", "pk": 83, "fields": {"name": "Can delete django job", "content_type": 21, "codename": "delete_djangojob"}}, {"model": "auth.permission", "pk": 84, "fields": {"name": "Can view django job", "content_type": 21, "codename": "view_djangojob"}}, {"model": "auth.permission", "pk": 85, "fields": {"name": "Can add django job execution", "content_type": 22, "codename": "add_djangojobexecution"}}, {"model": "auth.permission", "pk": 86, "fields": {"name": "Can change django job execution", "content_type": 22, "codename": "change_djangojobexecution"}}, {"model": "auth.permission", "pk": 87, "fields": {"name": "Can delete django job execution", "content_type": 22, "codename": "delete_djangojobexecution"}}, {"model": "auth.permission", "pk": 88, "fields": {"name": "Can view django job execution", "content_type": 22, "codename": "view_djangojobexecution"}}, {"model": "auth.group", "pk": 1, "fields": {"name": "common", "permissions": [58, 14]}}, {"model": "auth.group", "pk": 2, "fields": {"name": "authors", "permissions": [58, 14, 33, 34]}}, {"model": "auth.group", "pk": 3, "fields": {"name": "premium", "permissions": [1, 2, 3, 4, 9, 10, 11, 12, 5, 6, 7, 8, 13, 14, 15, 16, 17, 18, 19, 20, 53, 54, 55, 56, 25, 26, 27, 28, 29, 30, 31, 32, 41, 42, 43, 44, 33, 34, 35, 36, 37, 38, 39, 40, 45, 46, 47, 48, 21, 22, 23, 24, 49, 50, 51, 52]}}, {"model": "auth.user", "pk": 25, "fields": {"password": "pbkdf2_sha256$216000$K2InbFbUB1PA$h3v5jHPcOgBiEcP++N6MkVsi1tDcAZ0qwLmNf3zRhF8=", "last_login": null, "is_superuser": false, "username": "johny", "first_name": "", "last_name": "", "email": "johny@mail.ru", "is_staff": false, "is_active": true, "date_joined": "2020-11-02T08:30:18.094Z", "groups": [], "user_permissions": []}}, {"model": "auth.user", "pk": 26, "fields": {"password": "pbkdf2_sha256$216000$nZ5VxXfSsWj1$Y6VSZFqf24kv4PZn0X7GSgQU8QQDHdT/S3CT1Z01HiM=", "last_login": null, "is_superuser": false, "username": "tommy", "first_name": "", "last_name": "", "email": "tommy@mail.ru", "is_staff": false, "is_active": true, "date_joined": "2020-11-02T08:30:18.172Z", "groups": [], "user_permissions": []}}, {"model": "auth.user", "pk": 27, "fields": {"password": "pbkdf2_sha256$260000$fMHIus5lKCg0CqiRFFd7cT$wbBEzoN2Yaqm2H4dkViGUGiaeDhQxJO6/IY6EmjfBZ4=", "last_login": "2021-12-26T06:24:24.966Z", "is_superuser": true, "username": "admin", "first_name": "", "last_name": "", "email": "", "is_staff": true, "is_active": true, "date_joined": "2021-12-07T10:02:12.032Z", "groups": [], "user_permissions": []}}, {"model": "auth.user", "pk": 28, "fields": {"password": "!LZbWZciFLMLE9vDqSfobBfw6652Xp8LxnEpAlJUZ", "last_login": "2021-12-10T16:05:00.848Z", "is_superuser": false, "username": "feniksadm", "first_name": "Олег", "last_name": "Осытченко", "email": "feniksadm@gmail.com", "is_staff": false, "is_active": true, "date_joined": "2021-12-10T15:49:05.192Z", "groups": [], "user_permissions": []}}, {"model": "auth.user", "pk": 32, "fields": {"password": "pbkdf2_sha256$260000$OZ7iEdQGXgrt1ubLlhzliv$9vK9L4Ook4ygQ79tGHHWVEA6ci4zQ1jomxYyo9pG7C0=", "last_login": "2021-12-19T14:37:56.056Z", "is_superuser": false, "username": "Feniks", "first_name": "", "last_name": "", "email": "Feniks-2000@list.ru", "is_staff": false, "is_active": true, "date_joined": "2021-12-14T15:50:47.919Z", "groups": [1, 2, 3], "user_permissions": []}}, {"model": "auth.user", "pk": 33, "fields": {"password": "pbkdf2_sha256$260000$hGbGltPwo8bIsfXBFmG64O$q0OjJXfIfAHhbU6F6Pkr1B0SKUshZwDswn7IQIyF3dw=", "last_login": "2021-12-14T17:49:12.242Z", "is_superuser": false, "username": "Oleg", "first_name": "", "last_name": "", "email": "oleg_artist@list.ru", "is_staff": false, "is_active": true, "date_joined": "2021-12-14T17:49:11.170Z", "groups": [1, 3], "user_permissions": []}}, {"model": "auth.user", "pk": 34, "fields": {"password": "pbkdf2_sha256$260000$dTETewOdZHyhGkbmVt2TyG$jmLzOE7ZyG+6pioaY8XVCmDJrQtfPYDQUmdI0s06W5k=", "last_login": "2021-12-15T17:50:47.407Z", "is_superuser": false, "username": "OlegAdm", "first_name": "", "last_name": "", "email": "oleg_artist@mail.ru", "is_staff": false, "is_active": true, "date_joined": "2021-12-15T17:50:46.386Z", "groups": [1, 3], "user_permissions": []}}, {"model": "contenttypes.contenttype", "pk": 1, "fields": {"app_label": "admin", "model": "logentry"}}, {"model": "contenttypes.contenttype", "pk": 2, "fields": {"app_label": "auth", "model": "permission"}}, {"model": "contenttypes.contenttype", "pk": 3, "fields": {"app_label": "auth", "model": "group"}}, {"model": "contenttypes.contenttype", "pk": 4, "fields": {"app_label": "auth", "model": "user"}}, {"model": "contenttypes.contenttype", "pk": 5, "fields": {"app_label": "contenttypes", "model": "contenttype"}}, {"model": "contenttypes.contenttype", "pk": 6, "fields": {"app_label": "sessions", "model": "session"}}, {"model": "contenttypes.contenttype", "pk": 7, "fields": {"app_label": "news", "model": "author"}}, {"model": "contenttypes.contenttype", "pk": 8, "fields": {"app_label": "news", "model": "category"}}, {"model": "contenttypes.contenttype", "pk": 9, "fields": {"app_label": "news", "model": "post"}}, {"model": "contenttypes.contenttype", "pk": 10, "fields": {"app_label": "news", "model": "postcategory"}}, {"model": "contenttypes.contenttype", "pk": 11, "fields": {"app_label": "news", "model": "comment"}}, {"model": "contenttypes.contenttype", "pk": 12, "fields": {"app_label": "news", "model": "russian_mat"}}, {"model": "contenttypes.contenttype", "pk": 13, "fields": {"app_label": "sites", "model": "site"}}, {"model": "contenttypes.contenttype", "pk": 14, "fields": {"app_label": "flatpages", "model": "flatpage"}}, {"model": "contenttypes.contenttype", "pk": 15, "fields": {"app_label": "account", "model": "emailaddress"}}, {"model": "contenttypes.contenttype", "pk": 16, "fields": {"app_label": "account", "model": "emailconfirmation"}}, {"model": "contenttypes.contenttype", "pk": 17, "fields": {"app_label": "socialaccount", "model": "socialaccount"}}, {"model": "contenttypes.contenttype", "pk": 18, "fields": {"app_label": "socialaccount", "model": "socialapp"}}, {"model": "contenttypes.contenttype", "pk": 19, "fields": {"app_label": "socialaccount", "model": "socialtoken"}}, {"model": "contenttypes.contenttype", "pk": 20, "fields": {"app_label": "news", "model": "subscribe"}}, {"model": "contenttypes.contenttype", "pk": 21, "fields": {"app_label": "django_apscheduler", "model": "djangojob"}}, {"model": "contenttypes.contenttype", "pk": 22, "fields": {"app_label": "django_apscheduler", "model": "djangojobexecution"}}, {"model": "sessions.session", "pk": "0nsn1k1aj49p7hcn5x1gsm9045kkdbze", "fields": {"session_data": ".eJxVjU0OwiAQhe_C2jQtFCrd6UXIMDNNiQ01BRKN8e5S04XO7v3M917CQcmzK4k3F0iMQrXi9Gt6wBvHPYFl2e0GENcSc_PtHHFqLlVxzAEhhzVej68_1AxprpzBeGNQMakO7WSot7pStPQeJRkAi0rDUE_pgWjqzyA78pYUSKsYzA5NnFKdcfy4h-0pxvb9AQ93RH0:1mvjfP:INtYuCzOwBsDP1Tj4IfZ_Y77ThUEUoRsL7E5Z15UouY", "expire_date": "2021-12-24T17:26:43.230Z"}}, {"model": "sessions.session", "pk": "3zkwv82clker436z384rleji2ph2murw", "fields": {"session_data": ".eJxVjM0OwiAQhN-FsyHLyo949N5nIAssUjU0Ke3J-O62SQ96nPm-mbcItC41rJ3nMGZxFejE6beMlJ7cdpIf1O6TTFNb5jHKXZEH7XKYMr9uh_t3UKnXbZ0yo1VgleGMsTiLKV1A-WgUgwNdMEMsRjsCf95CJMs6YdFeE3qnxecLC6A3-g:1n1MxE:5sYOaZD97mMSgChTgp1ZHo6bkSEhttVD9oA5HrQuAeQ", "expire_date": "2022-01-09T06:24:24.968Z"}}, {"model": "sessions.session", "pk": "8ioy5uug3p865khviialf9y8l2om6mgh", "fields": {"session_data": ".eJxVjM0OwiAQhN-FsyHLyo949N5nIAssUjU0Ke3J-O62SQ96nPm-mbcItC41rJ3nMGZxFejE6beMlJ7cdpIf1O6TTFNb5jHKXZEH7XKYMr9uh_t3UKnXbZ0yo1VgleGMsTiLKV1A-WgUgwNdMEMsRjsCf95CJMs6YdFeE3qnxecLC6A3-g:1muzRj:Nw6vf3Qk0YwDuPjFfzSTMpz_dlFAB1YmQWseNH1HDyE", "expire_date": "2021-12-22T16:05:31.185Z"}}, {"model": "sessions.session", "pk": "8wjo4gdfa7d5hu9m2i7eufqw2g8ot3hd", "fields": {"session_data": ".eJxVjM0OwiAQhN-FsyHLyo949N5nIAssUjU0Ke3J-O62SQ96nPm-mbcItC41rJ3nMGZxFejE6beMlJ7cdpIf1O6TTFNb5jHKXZEH7XKYMr9uh_t3UKnXbZ0yo1VgleGMsTiLKV1A-WgUgwNdMEMsRjsCf95CJMs6YdFeE3qnxecLC6A3-g:1mvfR9:L3hNfpPrA9qlKmMSkWRajcTD9YNTWxDoCW3_evVpL0g", "expire_date": "2021-12-24T12:55:43.427Z"}}, {"model": "sessions.session", "pk": "f20hn8m4ksdra1cgwqeqtqapvsbngv40", "fields": {"session_data": ".eJxVjM0OwiAQhN-FsyHLyo949N5nIAssUjU0Ke3J-O62SQ96nPm-mbcItC41rJ3nMGZxFejE6beMlJ7cdpIf1O6TTFNb5jHKXZEH7XKYMr9uh_t3UKnXbZ0yo1VgleGMsTiLKV1A-WgUgwNdMEMsRjsCf95CJMs6YdFeE3qnxecLC6A3-g:1mvfZ9:Ro77B71QxKihcoY4kMtJrGtVIJ9QAld9w6QECwsgt5Q", "expire_date": "2021-12-24T13:03:59.543Z"}}, {"model": "sessions.session", "pk": "n565os9xy1xd0x939ezmorkjig4xkxs1", "fields": {"session_data": ".eJxVjEEOwiAQRe_C2pCClEKX7j0DmekMFjXQlDbRGO-uTbrQ7X_vv5cIsC5jWCvPIZHoxVGLw--IMNw4b4SukC9FDiUvc0K5KXKnVZ4L8f20u3-BEer4faPzvkE0MUZt0WiPFjWZlhitIYidAozGKuVd23nSzIyuscyWB1IOtmjlWlPJgR9Tmp-ib94f7alAdA:1myxK0:py8Zyi9IMdINphMe6aNPb37vrqWEIk2qMqZ3VpUwJ1k", "expire_date": "2022-01-02T14:37:56.063Z"}}, {"model": "sessions.session", "pk": "nfdwvyk598i3bzq4z6hbxtf6cu5zt227", "fields": {"session_data": ".eJxVjM0OwiAQhN-FsyHLyo949N5nIAssUjU0Ke3J-O62SQ96nPm-mbcItC41rJ3nMGZxFejE6beMlJ7cdpIf1O6TTFNb5jHKXZEH7XKYMr9uh_t3UKnXbZ0yo1VgleGMsTiLKV1A-WgUgwNdMEMsRjsCf95CJMs6YdFeE3qnxecLC6A3-g:1mvjEb:efcJxkjsXZkz1K_TXnJQChWOOzW4ekCXTTyNou0TeQ0", "expire_date": "2021-12-24T16:59:01.149Z"}}, {"model": "sessions.session", "pk": "rn0a5jpaq0lhsqbmfjrp7yoxypypn8z6", "fields": {"session_data": ".eJxVjM0OwiAQhN-FsyHLyo949N5nIAssUjU0Ke3J-O62SQ96nPm-mbcItC41rJ3nMGZxFejE6beMlJ7cdpIf1O6TTFNb5jHKXZEH7XKYMr9uh_t3UKnXbZ0yo1VgleGMsTiLKV1A-WgUgwNdMEMsRjsCf95CJMs6YdFeE3qnxecLC6A3-g:1mvfWP:LYYzehuM_cAc9upM1DROSjnTf_cSMMHOpVsZU99Jncw", "expire_date": "2021-12-24T13:01:09.076Z"}}, {"model": "sessions.session", "pk": "sdpjpj36f11ysu12kk2ltgpge6j2nfsu", "fields": {"session_data": ".eJxVjM0OwiAQhN-FsyHLyo949N5nIAssUjU0Ke3J-O62SQ96nPm-mbcItC41rJ3nMGZxFejE6beMlJ7cdpIf1O6TTFNb5jHKXZEH7XKYMr9uh_t3UKnXbZ0yo1VgleGMsTiLKV1A-WgUgwNdMEMsRjsCf95CJMs6YdFeE3qnxecLC6A3-g:1mvhXZ:c4IUb9-wGrVeXBxEzC4bFLk_4CxDL8jkGadXo4YgQVo", "expire_date": "2021-12-24T15:10:29.812Z"}}, {"model": "sessions.session", "pk": "zy6gl2b9zd5djjvf6yc3bcnumhy1yv6i", "fields": {"session_data": ".eJxVjM0OwiAQhN-FsyHLyo949N5nIAssUjU0Ke3J-O62SQ96nPm-mbcItC41rJ3nMGZxFejE6beMlJ7cdpIf1O6TTFNb5jHKXZEH7XKYMr9uh_t3UKnXbZ0yo1VgleGMsTiLKV1A-WgUgwNdMEMsRjsCf95CJMs6YdFeE3qnxecLC6A3-g:1mvfft:qGR-UhZKitsCc4zFXsqjNk_Sjt40sWx75y2xcpEnx8E", "expire_date": "2021-12-24T13:10:57.499Z"}}, {"model": "sites.site", "pk": 1, "fields": {"domain": "127.0.0.1", "name": "example.com"}}, {"model": "news.author", "pk": 25, "fields": {"user": 25, "rating": 9}}, {"model": "news.author", "pk": 26, "fields": {"user": 26, "rating": -17}}, {"model": "news.category", "pk": 45, "fields": {"name": "Спорт"}}, {"model": "news.category", "pk": 46, "fields": {"name": "Музыка"}}, {"model": "news.category", "pk": 47, "fields": {"name": "Кино"}}, {"model": "news.category", "pk": 48, "fields": {"name": "IT"}}, {"model": "news.subscribe", "pk": 8, "fields": {"user": 32, "category": 45}}, {"model": "news.subscribe", "pk": 9, "fields": {"user": 33, "category": 45}}, {"model": "news.subscribe", "pk": 10, "fields": {"user": 33, "category": 48}}, {"model": "news.subscribe", "pk": 11, "fields": {"user": 34, "category": 45}}, {"model": "news.subscribe", "pk": 12, "fields": {"user": 34, "category": 46}}, {"model": "news.subscribe", "pk": 13, "fields": {"user": 34, "category": 47}}, {"model": "news.subscribe", "pk": 14, "fields": {"user": 34, "category": 48}}, {"model": "news.post", "pk": 31, "fields": {"author": 25, "post_type": "a", "created": "2020-11-02T08:30:18.309Z", "title": "статья_спорт_кино_Джонни", "text": "статья_спорт_кино_Джонни__статья_спорт_кино_Джонни__статья_спорт_кино_Джонни_\n                                   _статья_спорт_кино_Джонни__статья_спорт_кино_Джонни__", "rating": 0}}, {"model": "news.post", "pk": 32, "fields": {"author": 26, "post_type": "a", "created": "2020-11-02T08:30:18.318Z", "title": "статья_музыка_Томми", "text": "статья_музыка_Томми__статья_музыка_Томми__статья_музыка_Томми_\n                            _статья_музыка_Томми__статья_музыка_Томми__", "rating": 1}}, {"model": "news.post", "pk": 33, "fields": {"author": 26, "post_type": "n", "created": "2020-11-02T08:30:18.328Z", "title": "новость_IT_Томми", "text": "новость_IT_Томми__новость_IT_Томми__новость_IT_Томми__новость_IT_Томми__\r\n                    новость_IT_Томми__новость_IT_Томми__новость_IT_Томми__новость_IT_Томми__", "rating": 0}}, {"model": "news.post", "pk": 38, "fields": {"author": 25, "post_type": "a", "created": "2021-12-08T13:22:58.482Z", "title": "222ffff-----", "text": "eeee4444111", "rating": 0}}, {"model": "news.post", "pk": 42, "fields": {"author": 26, "post_type": "n", "created": "2021-12-10T17:09:34.723Z", "title": "rert", "text": "wertwert", "rating": 0}}, {"model": "news.post", "pk": 44, "fields": {"author": 25, "post_type": "a", "created": "2021-12-10T17:12:14.916Z", "title": "sdf", "text": "sdf", "rating": 0}}, {"model": "news.post", "pk": 51, "fields": {"author": 25, "post_type": "a", "created": "2021-12-14T18:19:53.456Z", "title": "tttt", "text": "bbbbbbbbbbbbbbbb", "rating": 0}}, {"model": "news.post", "pk": 52, "fields": {"author": 25, "post_type": "a", "created": "2021-12-15T17:51:55.389Z", "title": "1", "text": "222222222222", "rating": 0}}, {"model": "news.post", "pk": 54, "fields": {"author": 25, "post_type": "a", "created": "2021-12-19T15:48:56.224Z", "title": "rrr", "text": "xxxxxxxxxxxxv", "rating": 0}}, {"model": "news.postcategory", "pk": 41, "fields": {"post": 31, "category": 45}}, {"model": "news.postcategory", "pk": 42, "fields": {"post": 31, "category": 47}}, {"model": "news.postcategory", "pk": 43, "fields": {"post": 32, "category": 46}}, {"model": "news.postcategory", "pk": 44, "fields": {"post": 33, "category": 48}}, {"model": "news.postcategory", "pk": 54, "fields": {"post": 38, "category": 45}}, {"model": "news.postcategory", "pk": 55, "fields": {"post": 38, "category": 47}}, {"model": "news.postcategory", "pk": 60, "fields": {"post": 42, "category": 48}}, {"model": "news.postcategory", "pk": 63, "fields": {"post": 44, "category": 45}}, {"model": "news.postcategory", "pk": 71, "fields": {"post": 51, "category": 48}}, {"model": "news.postcategory", "pk": 72, "fields": {"post": 52, "category": 48}}, {"model": "news.postcategory", "pk": 73, "fields": {"post": 52, "category": 45}}, {"model": "news.postcategory", "pk": 74, "fields": {"post": 52, "category": 46}}, {"model": "news.postcategory", "pk": 75, "fields": {"post": 52, "category": 47}}, {"model": "news.postcategory", "pk": 78, "fields": {"post": 54, "category": 46}}, {"model": "news.comment", "pk": 33, "fields": {"post": 31, "user": 26, "text": "коммент Томми №1 к статье Джонни", "created": "2020-11-02T08:30:18.374Z", "rating": 3}}, {"model": "news.comment", "pk": 34, "fields": {"post": 32, "user": 25, "text": "коммент Джонни №2 к статье Томми", "created": "2020-11-02T08:30:18.384Z", "rating": 10}}, {"model": "news.russian_mat", "pk": 1, "fields": {"word": "хуй"}}, {"model": "news.russian_mat", "pk": 2, "fields": {"word": "нахуй"}}, {"model": "news.russian_mat", "pk": 3, "fields": {"word": "пизда"}}, {"model": "news.russian_mat", "pk": 4, "fields": {"word": "впизду"}}, {"model": "news.russian_mat", "pk": 5, "fields": {"word": "хуями"}}, {"model": "news.russian_mat", "pk": 6, "fields": {"word": "хуем"}}, {"model": "news.russian_mat", "pk": 7, "fields": {"word": "хер"}}, {"model": "news.russian_mat", "pk": 8, "fields": {"word": "хером"}}, {"model": "news.russian_mat", "pk": 9, "fields": {"word": "хуйня"}}, {"model": "account.emailaddress", "pk": 5, "fields": {"user": 32, "email": "Feniks-2000@list.ru", "verified": false, "primary": true}}, {"model": "account.emailaddress", "pk": 6, "fields": {"user": 33, "email": "oleg_artist@list.ru", "verified": false, "primary": true}}, {"model": "account.emailaddress", "pk": 7, "fields": {"user": 34, "email": "oleg_artist@mail.ru", "verified": false, "primary": true}}, {"model": "socialaccount.socialapp", "pk": 1, "fields": {"provider": "google", "name": "Google", "client_id": "1018927158278-rh3q9e10ebqmb60psla1eac5j16jg040.apps.googleusercontent.com", "secret": "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", "key": "", "sites": [1]}}, {"model": "socialaccount.socialaccount", "pk": 1, "fields": {"user": 28, "provider": "google", "uid": "109858051944911106045", "last_login": "2021-12-10T16:05:00.838Z", "date_joined": "2021-12-10T15:49:05.200Z", "extra_data": "{\"id\": \"109858051944911106045\", \"email\": \"feniksadm@gmail.com\", \"verified_email\": true, \"name\": \"\\u041e\\u043b\\u0435\\u0433 \\u041e\\u0441\\u044b\\u0442\\u0447\\u0435\\u043d\\u043a\\u043e\", \"given_name\": \"\\u041e\\u043b\\u0435\\u0433\", \"family_name\": \"\\u041e\\u0441\\u044b\\u0442\\u0447\\u0435\\u043d\\u043a\\u043e\", \"picture\": \"https://lh3.googleusercontent.com/a/AATXAJwSBLnOxKU6h6TwoclSFu7qh-76JzDrFzLS2LGl=s96-c\", \"locale\": \"ru\"}"}}, {"model": "socialaccount.socialtoken", "pk": 1, "fields": {"app": 1, "account": 1, "token": "ya29.a0ARrdaM9oTT9t-sut9tWxzX9vO4qvX3eEdHXD2pDB5gMjpp6MOcHD3Mxh7FpZ7DAvSgHuUOXLrvV6SS1ubUS16mAAETuneXv65qa3Zy494C3qqm-fwJBkzi0skRrnbu4qcJ759qviiaTMiIxJefZCyjnkB7Ow2YY", "token_secret": "", "expires_at": "2021-12-10T17:04:59.594Z"}}, {"model": "django_apscheduler.djangojob", "pk": "delete_old_job_executions", "fields": {"next_run_time": "2021-12-20T01:00:00Z", "job_state": "gAWVZwQAAAAAAAB9lCiMB3ZlcnNpb26USwGMAmlklIwZZGVsZXRlX29sZF9qb2JfZXhlY3V0aW9uc5SMBGZ1bmOUjEFuZXdzLm1hbmFnZW1lbnQuY29tbWFuZHMucnVuYXBzY2hlZHVsZXI6ZGVsZXRlX29sZF9qb2JfZXhlY3V0aW9uc5SMB3RyaWdnZXKUjBlhcHNjaGVkdWxlci50cmlnZ2Vycy5jcm9ulIwLQ3JvblRyaWdnZXKUk5QpgZR9lChoAUsCjAh0aW1lem9uZZSMG3B5dHpfZGVwcmVjYXRpb25fc2hpbS5faW1wbJSMCXdyYXBfem9uZZSTlIwIZGF0ZXRpbWWUjAh0aW1lem9uZZSTlGgQjAl0aW1lZGVsdGGUk5RLAEsASwCHlFKUhZRSlIwDVVRDlIaUUpSMCnN0YXJ0X2RhdGWUTowIZW5kX2RhdGWUTowGZmllbGRzlF2UKIwgYXBzY2hlZHVsZXIudHJpZ2dlcnMuY3Jvbi5maWVsZHOUjAlCYXNlRmllbGSUk5QpgZR9lCiMBG5hbWWUjAR5ZWFylIwKaXNfZGVmYXVsdJSIjAtleHByZXNzaW9uc5RdlIwlYXBzY2hlZHVsZXIudHJpZ2dlcnMuY3Jvbi5leHByZXNzaW9uc5SMDUFsbEV4cHJlc3Npb26Uk5QpgZR9lIwEc3RlcJROc2JhdWJoIIwKTW9udGhGaWVsZJSTlCmBlH2UKGgljAVtb250aJRoJ4hoKF2UaCwpgZR9lGgvTnNiYXViaCCMD0RheU9mTW9udGhGaWVsZJSTlCmBlH2UKGgljANkYXmUaCeIaChdlGgsKYGUfZRoL05zYmF1YmggjAlXZWVrRmllbGSUk5QpgZR9lChoJYwEd2Vla5RoJ4hoKF2UaCwpgZR9lGgvTnNiYXViaCCMDkRheU9mV2Vla0ZpZWxklJOUKYGUfZQoaCWMC2RheV9vZl93ZWVrlGgniWgoXZRoKowWV2Vla2RheVJhbmdlRXhwcmVzc2lvbpSTlCmBlH2UKGgvTowFZmlyc3SUSwCMBGxhc3SUSwB1YmF1YmgiKYGUfZQoaCWMBGhvdXKUaCeJaChdlGgqjA9SYW5nZUV4cHJlc3Npb26Uk5QpgZR9lChoL05oUksBaFNLAXViYXViaCIpgZR9lChoJYwGbWludXRllGgniWgoXZRoWSmBlH2UKGgvTmhSSwBoU0sAdWJhdWJoIimBlH2UKGgljAZzZWNvbmSUaCeIaChdlGhZKYGUfZQoaC9OaFJLAGhTSwB1YmF1YmWMBmppdHRlcpROdWKMCGV4ZWN1dG9ylIwHZGVmYXVsdJSMBGFyZ3OUKYwGa3dhcmdzlH2UaCVoA4wSbWlzZmlyZV9ncmFjZV90aW1llEsBjAhjb2FsZXNjZZSIjA1tYXhfaW5zdGFuY2VzlEsBjA1uZXh0X3J1bl90aW1llGgQjAhkYXRldGltZZSTlEMKB+UMFAEAAAAAAJRoG4aUUpR1Lg=="}}, {"model": "django_apscheduler.djangojob", "pk": "my_job", "fields": {"next_run_time": "2021-12-15T18:53:33Z", "job_state": "gAWV5AMAAAAAAAB9lCiMB3ZlcnNpb26USwGMAmlklIwGbXlfam9ilIwEZnVuY5SMLm5ld3MubWFuYWdlbWVudC5jb21tYW5kcy5ydW5hcHNjaGVkdWxlcjpteV9qb2KUjAd0cmlnZ2VylIwZYXBzY2hlZHVsZXIudHJpZ2dlcnMuY3JvbpSMC0Nyb25UcmlnZ2VylJOUKYGUfZQoaAFLAowIdGltZXpvbmWUjBtweXR6X2RlcHJlY2F0aW9uX3NoaW0uX2ltcGyUjAl3cmFwX3pvbmWUk5SMCGRhdGV0aW1llIwIdGltZXpvbmWUk5RoEIwJdGltZWRlbHRhlJOUSwBLAEsAh5RSlIWUUpSMA1VUQ5SGlFKUjApzdGFydF9kYXRllE6MCGVuZF9kYXRllE6MBmZpZWxkc5RdlCiMIGFwc2NoZWR1bGVyLnRyaWdnZXJzLmNyb24uZmllbGRzlIwJQmFzZUZpZWxklJOUKYGUfZQojARuYW1llIwEeWVhcpSMCmlzX2RlZmF1bHSUiIwLZXhwcmVzc2lvbnOUXZSMJWFwc2NoZWR1bGVyLnRyaWdnZXJzLmNyb24uZXhwcmVzc2lvbnOUjA1BbGxFeHByZXNzaW9ulJOUKYGUfZSMBHN0ZXCUTnNiYXViaCCMCk1vbnRoRmllbGSUk5QpgZR9lChoJYwFbW9udGiUaCeIaChdlGgsKYGUfZRoL05zYmF1YmggjA9EYXlPZk1vbnRoRmllbGSUk5QpgZR9lChoJYwDZGF5lGgniGgoXZRoLCmBlH2UaC9Oc2JhdWJoIIwJV2Vla0ZpZWxklJOUKYGUfZQoaCWMBHdlZWuUaCeIaChdlGgsKYGUfZRoL05zYmF1YmggjA5EYXlPZldlZWtGaWVsZJSTlCmBlH2UKGgljAtkYXlfb2Zfd2Vla5RoJ4hoKF2UaCwpgZR9lGgvTnNiYXViaCIpgZR9lChoJYwEaG91cpRoJ4hoKF2UaCwpgZR9lGgvTnNiYXViaCIpgZR9lChoJYwGbWludXRllGgniGgoXZRoLCmBlH2UaC9Oc2JhdWJoIimBlH2UKGgljAZzZWNvbmSUaCeJaChdlGgsKYGUfZRoL0shc2JhdWJljAZqaXR0ZXKUTnVijAhleGVjdXRvcpSMB2RlZmF1bHSUjARhcmdzlCmMBmt3YXJnc5R9lGglaAOMEm1pc2ZpcmVfZ3JhY2VfdGltZZRLAYwIY29hbGVzY2WUiIwNbWF4X2luc3RhbmNlc5RLAYwNbmV4dF9ydW5fdGltZZRoEIwIZGF0ZXRpbWWUk5RDCgflDA8SNSEAAACUaBuGlFKUdS4="}}, {"model": "django_apscheduler.djangojobexecution", "pk": 1, "fields": {"job": "my_job", "status": "Executed", "run_time": "2021-12-15T18:18:10Z", "duration": "0.00", "finished": "1639592290.00", "exception": null, "traceback": null}}, {"model": "django_apscheduler.djangojobexecution", "pk": 2, "fields": {"job": "my_job", "status": "Executed", "run_time": "2021-12-15T18:18:20Z", "duration": "0.01", "finished": "1639592300.01", "exception": null, "traceback": null}}, {"model": "django_apscheduler.djangojobexecution", "pk": 3, "fields": {"job": "my_job", "status": "Executed", "run_time": "2021-12-15T18:18:40Z", "duration": "0.00", "finished": "1639592320.00", "exception": null, "traceback": null}}, {"model": "django_apscheduler.djangojobexecution", "pk": 4, "fields": {"job": "my_job", "status": "Executed", "run_time": "2021-12-15T18:18:50Z", "duration": "0.01", "finished": "1639592330.01", "exception": null, "traceback": null}}, {"model": "django_apscheduler.djangojobexecution", "pk": 5, "fields": {"job": "my_job", "status": "Executed", "run_time": "2021-12-15T18:18:57Z", "duration": "0.00", "finished": "1639592337.00", "exception": null, "traceback": null}}, {"model": "django_apscheduler.djangojobexecution", "pk": 6, "fields": {"job": "my_job", "status": "Executed", "run_time": "2021-12-15T18:19:00Z", "duration": "0.01", "finished": "1639592340.01", "exception": null, "traceback": null}}, {"model": "django_apscheduler.djangojobexecution", "pk": 7, "fields": {"job": "my_job", "status": "Executed", "run_time": "2021-12-15T18:35:51Z", "duration": "0.00", "finished": "1639593351.00", "exception": null, "traceback": null}}, {"model": "django_apscheduler.djangojobexecution", "pk": 8, "fields": {"job": "my_job", "status": "Executed", "run_time": "2021-12-15T18:35:54Z", "duration": "0.01", "finished": "1639593354.01", "exception": null, "traceback": null}}, {"model": "django_apscheduler.djangojobexecution", "pk": 9, "fields": {"job": "my_job", "status": "Error!", "run_time": "2021-12-15T18:43:15Z", "duration": "0.01", "finished": "1639593795.01", "exception": "Cannot resolve keyword 'reated' into field. Choices are: author, author_id, cats, comment, created, id, post_type, postcategory, rating, text, title", "traceback": "  File \"/home/aadmin/Python/Lessons/Django/venv/lib/python3.8/site-packages/apscheduler/executors/base.py\", line 125, in run_job\n    retval = job.func(*job.args, **job.kwargs)\n  File \"/home/aadmin/Python/Lessons/Django/D9/news/management/commands/runapscheduler.py\", line 21, in my_job\n    post = Post.objects.filter(reated__date__gte=some_day_last_week)\n  File \"/home/aadmin/Python/Lessons/Django/venv/lib/python3.8/site-packages/django/db/models/manager.py\", line 85, in manager_method\n    return getattr(self.get_queryset(), name)(*args, **kwargs)\n  File \"/home/aadmin/Python/Lessons/Django/venv/lib/python3.8/site-packages/django/db/models/query.py\", line 941, in filter\n    return self._filter_or_exclude(False, args, kwargs)\n  File \"/home/aadmin/Python/Lessons/Django/venv/lib/python3.8/site-packages/django/db/models/query.py\", line 961, in _filter_or_exclude\n    clone._filter_or_exclude_inplace(negate, args, kwargs)\n  File \"/home/aadmin/Python/Lessons/Django/venv/lib/python3.8/site-packages/django/db/models/query.py\", line 968, in _filter_or_exclude_inplace\n    self._query.add_q(Q(*args, **kwargs))\n  File \"/home/aadmin/Python/Lessons/Django/venv/lib/python3.8/site-packages/django/db/models/sql/query.py\", line 1393, in add_q\n    clause, _ = self._add_q(q_object, self.used_aliases)\n  File \"/home/aadmin/Python/Lessons/Django/venv/lib/python3.8/site-packages/django/db/models/sql/query.py\", line 1412, in _add_q\n    child_clause, needed_inner = self.build_filter(\n  File \"/home/aadmin/Python/Lessons/Django/venv/lib/python3.8/site-packages/django/db/models/sql/query.py\", line 1286, in build_filter\n    lookups, parts, reffed_expression = self.solve_lookup_type(arg)\n  File \"/home/aadmin/Python/Lessons/Django/venv/lib/python3.8/site-packages/django/db/models/sql/query.py\", line 1112, in solve_lookup_type\n    _, field, _, lookup_parts = self.names_to_path(lookup_splitted, self.get_meta())\n  File \"/home/aadmin/Python/Lessons/Django/venv/lib/python3.8/site-packages/django/db/models/sql/query.py\", line 1539, in names_to_path\n    raise FieldError(\"Cannot resolve keyword '%s' into field. \"\n"}}, {"model": "django_apscheduler.djangojobexecution", "pk": 10, "fields": {"job": "my_job", "status": "Executed", "run_time": "2021-12-15T18:44:42Z", "duration": "0.01", "finished": "1639593882.01", "exception": null, "traceback": null}}, {"model": "django_apscheduler.djangojobexecution", "pk": 11, "fields": {"job": "my_job", "status": "Executed", "run_time": "2021-12-15T18:44:45Z", "duration": "0.03", "finished": "1639593885.03", "exception": null, "traceback": null}}, {"model": "django_apscheduler.djangojobexecution", "pk": 12, "fields": {"job": "my_job", "status": "Executed", "run_time": "2021-12-15T18:53:00Z", "duration": "15.81", "finished": "1639594395.81", "exception": null, "traceback": null}}]